{
  "lora_A": [
    0.01593595463782549,
    0.7898237416520715
  ],
  "lora_B": [
    0.425695474492386,
    0.3153744242154062
  ],
  "rank": 8,
  "alpha": 16
}